ID,Display name,Ox,Oy
64690,9,537467.6,169190.1
63436,9,539557.5,166908.1
60950,9,541417.3,168494.9
60726,9,543501.4,165340.7
58858,9,546293.1,167095.9
58747,9,546604.9,166687.5
58318,9,546275.3,167100.9
58081,9,546276.6,167100.5
57486,9,546241.1,167110.5
57222,9,543446.2,165345.8
57138,9,546290.8,167096.6
57137,9,546265.8,167103.5
57058,9,546918.3,167358.4
56959,9,545478.2,164031.4
56908,9,546889.4,167310.7
55116,9,542174.7,159165.4
54994,9,546194.7,167123.2
54210,9,546168.5,167130.8
53300,9,546224.3,167115.1
53290,9,540601.9,170611.5
52928,9,546186.8,167125.4
52642,9,547258.0,167499.6
49453,9,546982.6,168130.6
48367,9,547018.9,169936.2
44291,9,547305.9,167527.5
41382,9,545685.3,164703.2
41126,9,547453.0,168181.5
40968,9,541961.8,167514.0
33629,9,547424.5,168184.1
27415,9,547392.5,168575.3
24414,9,545468.0,166950.5
20158,9,544842.7,165718.8
64483,8,539682.5,170277.0
64391,8,537521.3,168905.3
64020,8,537758.3,168680.9
63113,8,540782.3,166186.7
61473,8,537832.9,168754.7
61074,8,536281.5,170025.9
60739,8,536362.5,170377.9
60400,8,534856.7,169485.7
60022,8,536532.2,169673.4
59747,8,541718.9,164353.4
59604,8,537591.5,168979.5
59584,8,540781.9,166195.9
58105,8,541684.4,164054.0
55918,8,540927.2,164962.2
55325,8,536366.7,170007.1
55022,8,540161.4,169094.0
54640,8,536288.2,170015.7
54201,8,540539.3,170662.2
53562,8,540022.5,169162.9
53218,8,536291.2,170008.6
53108,8,542356.7,165258.7
53056,8,547206.9,165023.1
49879,8,546074.4,165499.5
48678,8,534484.7,169340.9
20647,8,543139.0,168493.6
17842,8,543403.1,168811.4
65505,7,537626.1,168706.1
65472,7,539359.6,168033.4
65403,7,545707.1,167130.8
64983,7,540260.6,166292.1
64475,7,548232.2,165013.8
64460,7,534425.3,171091.1
64072,7,545430.3,171122.0
64058,7,546616.8,164829.5
63904,7,539370.1,167969.1
63634,7,542085.1,171855.8
63623,7,534009.8,171136.4
63439,7,539706.6,166964.3
63416,7,540451.3,165148.0
63403,7,540656.6,165227.3
63084,7,537551.5,168058.6
62986,7,540279.9,165224.8
62896,7,546568.9,164824.6
62703,7,543919.3,163950.4
62554,7,542014.3,172042.1
62507,7,537925.5,166431.0
62396,7,534628.5,170962.1
62268,7,540317.5,165349.6
62044,7,537584.0,168115.2
61944,7,543357.0,171118.3
61893,7,543149.1,167320.6
61648,7,539364.9,167988.9
61547,7,539317.2,168010.5
61409,7,534287.1,171028.0
61252,7,541267.2,167639.0
61178,7,540084.3,165428.4
61177,7,540014.1,165437.0
61167,7,540290.8,165328.4
61066,7,543791.1,165078.3
61056,7,543125.9,167264.5
60867,7,539241.3,168138.3
60866,7,539218.6,168167.7
60817,7,543572.4,165121.1
60381,7,543072.7,167266.0
60287,7,540757.8,166147.5
60118,7,543555.0,165120.2
60062,7,541157.2,165413.2
59983,7,542720.0,165332.2
59673,7,537791.1,168283.4
59361,7,539237.8,168142.8
59359,7,539220.8,168196.5
59156,7,546552.9,166566.2
59136,7,540060.1,169000.5
58986,7,544325.3,165084.9
58285,7,540172.4,169193.4
58238,7,537528.9,167940.2
58108,7,541778.3,164397.0
58058,7,537365.2,168068.1
57935,7,536880.4,169081.2
57843,7,543512.3,165272.0
57548,7,540861.9,171083.3
57193,7,540659.5,165565.5
56823,7,543748.6,165030.6
56573,7,542105.6,159222.8
56527,7,544237.7,168470.2
56449,7,541259.5,165160.5
55819,7,539754.5,163206.3
55485,7,542336.7,165400.0
54907,7,539609.6,167290.2
54764,7,539730.0,163162.8
54695,7,539814.5,163244.8
54680,7,542357.0,165243.0
54677,7,542356.6,165278.3
54567,7,540061.0,169080.5
54416,7,546113.8,169906.7
54347,7,547523.5,165056.2
54324,7,539700.5,167237.9
54174,7,547571.5,165060.1
53528,7,540537.2,170827.6
53515,7,539640.4,167256.1
53442,7,545581.9,169882.7
53413,7,539878.6,167304.5
53006,7,539609.3,167262.0
53002,7,539651.5,167238.1
52088,7,543866.4,165691.3
51491,7,546973.8,167039.2
51089,7,542764.0,171555.1
50744,7,538909.3,166697.7
50681,7,547149.2,164448.8
48964,7,541440.4,169545.1
48621,7,541175.7,169829.6
48168,7,542721.2,171918.2
46725,7,540188.2,166210.3
46661,7,542336.4,170121.3
45971,7,539660.1,167581.6
45124,7,547019.4,169983.0
41702,7,543988.4,165780.6
41644,7,541795.0,170240.5
40450,7,533884.5,170124.7
40449,7,533878.4,170128.5
38320,7,542333.6,170190.4
37350,7,540359.0,167067.5
36675,7,540397.5,167403.9
36357,7,542092.1,171932.5
35598,7,542256.5,171902.2
35183,7,541298.4,171256.5
34994,7,539127.1,167991.7
34966,7,537783.0,166655.0
32242,7,542501.4,171058.7
31567,7,545417.4,166469.5
31000,7,543605.0,165479.5
30427,7,542371.4,170620.9
28410,7,544766.8,167146.8
26888,7,543822.0,167388.4
26677,7,547120.8,164407.0
25763,7,544310.8,165861.8
25185,7,538887.3,169493.5
24058,7,547855.0,164316.1
24038,7,548698.7,163128.0
23504,7,537808.6,170313.6
22313,7,547788.2,164336.9
21911,7,542951.4,170905.9
21694,7,545899.4,164366.6
21614,7,542947.4,170911.2
20656,7,547962.7,164164.0
20026,7,538820.8,168433.7
19870,7,537689.2,170323.6
65515,6,543336.2,170704.0
65402,6,539091.8,164872.8
64898,6,540193.2,168705.3
64738,6,537616.4,169013.6
64360,6,537868.4,168681.3
64286,6,537799.1,168620.5
64118,6,539534.2,167958.9
63900,6,539379.4,167865.0
63882,6,537531.1,169141.3
63750,6,547180.8,167768.4
63743,6,547185.1,167934.8
63515,6,537471.5,169117.4
63375,6,539316.8,164929.0
63346,6,547122.5,167572.7
63258,6,547136.2,167573.1
62966,6,537637.2,169042.0
62608,6,537760.8,168594.4
62595,6,537758.2,168585.1
62562,6,537479.3,169108.6
62501,6,542119.1,159221.1
62455,6,539083.8,165207.3
62451,6,539155.3,165178.9
62377,6,538883.3,165150.8
62361,6,547106.2,167578.1
62109,6,547132.2,167616.4
62106,6,547150.9,167557.1
62079,6,547134.7,167589.3
61988,6,535319.9,169591.6
61916,6,543306.3,171086.6
61895,6,544740.2,164796.7
61816,6,536640.9,169933.0
61451,6,537545.8,169153.4
61393,6,534379.7,171310.5
60926,6,534248.2,171403.1
60767,6,542478.2,167173.8
60637,6,536644.1,169535.9
60472,6,542747.2,165325.0
60403,6,534725.6,169494.4
60084,6,539609.1,169017.8
60066,6,540841.8,164917.0
59633,6,537094.9,169224.3
59499,6,546030.9,167113.6
59376,6,542620.6,167231.1
59240,6,537615.0,167832.8
58844,6,537595.1,167738.2
58697,6,546635.6,166555.5
58674,6,542854.3,165059.3
58666,6,534706.2,169524.4
58394,6,537522.8,167758.9
58374,6,545495.2,164365.2
58055,6,537342.6,168197.7
57705,6,546808.5,166748.3
57476,6,537615.7,167736.6
57262,6,546243.1,167072.2
57223,6,543446.3,165289.8
57087,6,536686.5,169957.9
57073,6,536406.6,171248.0
56844,6,546224.5,164141.1
56827,6,543619.6,165315.8
56802,6,537447.3,167705.2
56781,6,545391.9,164192.1
56778,6,545494.5,164366.5
56664,6,546386.2,170454.1
56582,6,542210.0,159226.2
56551,6,537087.9,169129.8
56290,6,535190.0,170838.4
56182,6,539815.1,163261.5
56143,6,547139.1,166263.3
56141,6,547314.6,162598.0
56128,6,535124.7,170760.7
55888,6,536414.0,170876.7
55856,6,547045.0,166226.0
55830,6,535192.5,170841.8
55829,6,535184.7,170842.9
55825,6,535175.8,170820.0
55726,6,535170.5,170813.3
55606,6,546690.5,166603.4
55283,6,547048.5,166266.1
55219,6,542402.8,165517.6
55186,6,540131.0,169048.7
54865,6,540436.4,170300.7
54730,6,547123.3,165338.6
54370,6,547401.0,165420.8
54239,6,547721.0,165142.5
54093,6,546157.5,163900.6
54028,6,546136.9,169143.2
53665,6,536297.6,169802.6
53258,6,547505.5,165363.6
53081,6,540105.7,168967.8
53079,6,540129.9,169133.0
52963,6,540032.1,169229.9
52900,6,545464.4,171083.3
52550,6,545778.6,170903.8
52276,6,534717.4,169899.6
52265,6,539902.6,170447.1
52178,6,545711.5,166894.5
52123,6,546996.6,170135.3
51740,6,539803.9,165055.5
51481,6,547864.1,164297.9
51330,6,548100.2,164019.1
51091,6,542751.4,171532.4
51020,6,545565.1,164490.5
50979,6,543787.9,167130.0
50902,6,539618.1,168298.5
50394,6,545153.9,164922.6
50310,6,545602.7,169542.9
50256,6,544808.5,164248.5
50178,6,544924.6,164954.1
49909,6,546479.2,166243.4
49891,6,545684.6,168826.0
49747,6,541796.8,171820.2
48987,6,540283.8,170563.1
48956,6,538422.9,165458.5
48501,6,545950.9,169776.2
47780,6,547814.2,166369.6
47652,6,545612.2,163584.2
47369,6,543709.2,164564.0
46832,6,538740.6,165426.7
46808,6,546063.4,166782.9
46695,6,534844.3,170103.8
46562,6,539637.3,167615.8
46501,6,545565.2,164296.0
46485,6,548445.4,163393.4
46318,6,543818.9,167050.4
46032,6,535340.0,170076.0
45928,6,540164.7,167386.0
45845,6,538609.5,165309.8
45803,6,539898.6,167957.1
45794,6,534961.8,169242.4
45653,6,545130.7,165903.3
45649,6,547868.1,166109.3
45610,6,546670.3,164954.0
45474,6,535374.0,168999.6
45461,6,534880.0,169325.2
45299,6,547379.6,169167.6
44781,6,544266.2,172274.5
44772,6,540474.9,167287.3
44348,6,544748.6,164277.8
44055,6,534616.1,169999.8
43921,6,546646.7,168640.5
43702,6,544719.7,164284.3
43421,6,546714.7,170431.5
43008,6,539886.4,166609.6
42898,6,547912.3,166170.5
42871,6,534691.5,169850.4
42766,6,540604.1,168266.4
42657,6,546745.1,164108.4
42606,6,546161.9,164345.3
42491,6,540988.6,168797.8
42174,6,543379.3,167017.4
42161,6,542627.4,168062.2
42065,6,542614.8,168091.6
42052,6,545756.6,163787.1
42048,6,543753.9,170965.7
41789,6,540009.5,166492.4
41771,6,535941.6,171008.3
41769,6,536150.9,171094.2
41510,6,546088.9,168115.3
41330,6,539977.5,167405.0
41229,6,540099.4,170979.5
41135,6,546415.4,165828.3
40428,6,547106.0,168616.3
40406,6,539503.1,169336.8
40362,6,536128.2,169379.2
40130,6,548126.7,164017.8
39764,6,539955.5,166374.4
39684,6,538804.2,170053.2
39443,6,542394.2,158639.9
38804,6,548038.6,164097.1
38458,6,540087.7,170578.0
38357,6,548503.7,163303.2
38255,6,540285.3,167622.9
37940,6,547404.7,166244.7
37566,6,538571.2,170030.0
37523,6,539578.5,167663.9
37381,6,546904.5,165746.4
37364,6,546313.2,168755.6
37128,6,547308.7,166387.6
36915,6,545004.6,165800.2
36855,6,537789.2,169458.9
36814,6,539806.1,168784.5
36647,6,542786.2,170623.9
36181,6,546958.9,165459.7
36180,6,546953.8,165533.0
36111,6,542908.1,168494.9
36085,6,545483.3,166999.2
35956,6,546946.7,165629.7
35896,6,547091.6,169620.6
35866,6,540279.7,170756.1
35747,6,544185.5,171922.4
35465,6,541908.9,173013.5
35349,6,543414.8,167442.5
35275,6,538038.1,169866.8
34901,6,546461.9,168579.1
34832,6,544108.0,167622.3
34673,6,545617.0,167024.3
34602,6,542244.5,172327.8
34482,6,537728.7,169516.7
34449,6,546023.1,164360.1
34425,6,546327.6,169313.2
34278,6,539917.4,167959.0
34108,6,545070.0,165550.1
33826,6,542360.8,158756.0
33789,6,544589.0,167510.2
32929,6,539374.3,165179.7
32740,6,545821.4,166753.8
32650,6,546467.1,165722.9
31947,6,541474.5,158183.7
31719,6,543998.2,165969.8
31058,6,536172.6,171112.3
30837,6,538214.8,168854.1
30834,6,538251.3,168716.7
30521,6,538118.5,168354.3
30446,6,545879.7,164354.7
30311,6,544010.8,166102.0
30247,6,542327.8,168131.2
30155,6,541965.1,168645.4
30008,6,538193.5,169305.4
29889,6,536158.6,171107.5
29841,6,539644.2,167422.1
29672,6,541354.4,169122.9
29645,6,544075.2,166994.9
29447,6,547645.5,165950.1
29163,6,547189.4,164875.4
28784,6,546692.2,170440.0
28502,6,541185.0,168581.3
28349,6,539152.7,166904.3
28337,6,545621.5,164311.5
28276,6,536711.0,169317.8
27910,6,546113.9,169657.8
27445,6,545274.8,165079.7
27389,6,546968.3,167930.0
27373,6,542220.9,168943.4
27242,6,541382.7,158408.9
27215,6,546432.8,169796.4
27106,6,546455.6,166172.1
27105,6,546461.2,166166.7
27057,6,540002.8,166970.9
26775,6,541821.6,159064.4
26590,6,540025.1,170810.3
26502,6,541494.2,159101.8
26458,6,545589.0,166912.9
26434,6,543691.7,167541.2
26403,6,536261.8,170143.4
26037,6,538688.2,167322.1
25844,6,544529.5,168032.6
25766,6,544652.3,165853.4
25396,6,541494.5,164282.4
25170,6,541329.9,161173.0
25073,6,539548.1,169005.3
24934,6,539917.8,168268.2
24872,6,544465.6,165856.7
24389,6,540577.4,169052.3
24341,6,544539.7,167871.4
24262,6,546136.9,166923.8
23969,6,546381.0,164534.3
23033,6,542716.1,167628.4
22938,6,542333.2,158863.9
22857,6,541835.9,171852.7
22832,6,545609.8,164400.8
22527,6,544501.1,167043.7
22473,6,543658.6,167546.8
22413,6,538521.2,169400.1
22340,6,545442.6,164814.0
22289,6,546306.1,166387.5
21928,6,542727.7,168159.6
21517,6,545032.1,165810.3
21266,6,536090.0,168071.2
20713,6,542734.9,171521.2
20541,6,542207.7,168962.9
20363,6,545596.2,169574.2
20004,6,540311.0,167850.0
19974,6,544984.1,165802.8
19973,6,545101.4,165789.8
19859,6,535227.7,170825.2
19549,6,546116.3,164355.9
19548,6,546128.6,164353.9
19258,6,539628.4,167885.6
18948,6,547100.9,164848.2
18586,6,548315.5,163632.0
18521,6,543962.4,167370.1
18493,6,538696.6,168942.5
18432,6,545742.3,166961.2
18303,6,540373.1,169856.7
18248,6,547771.6,164351.1
18179,6,543412.5,167607.7
18102,6,546965.4,165369.9
18002,6,546968.7,165325.3
17953,6,542071.4,165156.3
17927,6,542902.2,167861.4
17926,6,542892.3,167789.2
59993,5,543798.2,164467.8
55532,5,545469.2,164026.9
43309,5,544810.2,170451.9
43042,5,540740.8,169485.1
40721,5,542047.4,165559.6
35644,5,545463.3,168895.9
35026,5,537321.2,170693.1
33729,5,547975.7,164189.5
33059,5,547599.8,166923.0
29837,5,542430.9,158481.9
28977,5,546825.4,166809.6
65427,4,537471.8,169150.7
65423,4,537494.8,169108.6
64030,4,537847.6,168794.4
63664,4,537909.0,168623.7
63474,4,547190.7,167802.2
63358,4,547156.0,167742.1
61866,4,541774.7,168394.7
60088,4,539555.2,167984.5
58750,4,546653.4,166732.1
57228,4,542154.1,167415.4
56520,4,546698.1,166700.2
56170,4,542235.3,166514.3
55805,4,542221.5,166517.4
55774,4,542223.2,166514.3
53842,4,542771.1,167332.3
52829,4,547184.2,165207.4
52346,4,545323.7,168411.9
49383,4,543352.2,168827.5
48079,4,541263.9,158437.9
45082,4,546527.5,169549.5
44160,4,541645.2,158420.2
40316,4,538441.0,169142.2
40225,4,540086.4,167544.4
38555,4,543404.5,168814.2
38187,4,539818.7,167590.1
25756,4,544157.8,165853.7
18956,4,545600.7,164266.0
64639,3,545419.2,164057.4
64604,3,544291.4,166909.4
64601,3,535228.9,170317.0
64042,3,540158.3,169005.5
63708,3,540125.7,169607.3
61023,3,536732.9,168189.8
59974,3,534761.1,169478.2
59688,3,534755.5,169485.9
59308,3,546183.2,167302.4
59085,3,536282.2,171187.4
58680,3,544142.3,164254.0
58622,3,544579.4,159743.0
58541,3,547087.3,167621.5
58495,3,547207.7,168351.7
58474,3,539090.9,165213.7
58091,3,534784.1,170994.3
57815,3,535688.4,170856.0
56475,3,540409.5,169225.0
55140,3,540862.9,171056.3
54618,3,540062.3,169231.8
53900,3,547239.9,164967.1
53718,3,547338.4,165504.2
52695,3,539508.4,166564.9
52433,3,539336.0,168220.0
52272,3,539810.6,168796.4
52231,3,539887.6,165698.6
52047,3,535797.0,169309.4
51884,3,535461.8,171090.5
51702,3,538675.7,168424.8
51390,3,538357.6,168946.1
50998,3,545860.9,165689.3
50911,3,542332.4,171724.9
50886,3,537189.1,167966.6
50869,3,538611.3,168161.1
50802,3,541808.1,168625.5
50644,3,544228.5,164305.9
50513,3,539522.2,166629.1
50425,3,540648.1,166147.1
50376,3,539209.0,165983.4
50372,3,539117.9,165891.1
50286,3,540595.8,169320.9
50253,3,546269.3,165020.5
50211,3,539282.4,166928.9
50200,3,533810.4,170302.0
50153,3,539774.1,168687.0
49707,3,542666.0,171692.1
49697,3,536336.3,169007.6
49669,3,535718.6,169806.8
49573,3,547002.9,170009.4
49546,3,547205.9,169556.5
49542,3,547346.6,169087.5
49530,3,546205.2,166473.7
49482,3,535230.5,169054.3
49465,3,545899.4,165343.4
49408,3,544136.6,165547.0
49348,3,545421.5,165573.3
49287,3,540023.1,166505.8
49149,3,536288.7,168996.2
49126,3,536540.1,169120.9
49112,3,537941.5,165160.0
49070,3,542955.7,171239.8
49042,3,545964.9,165734.9
48942,3,537082.8,167897.7
48690,3,541279.6,171405.5
48532,3,538996.6,165463.5
48503,3,547319.1,165798.1
48322,3,544287.7,171341.7
48316,3,537483.1,168351.4
48233,3,541344.7,168056.7
48093,3,545172.6,165889.4
47987,3,540057.7,170125.8
47943,3,537935.2,165138.6
47571,3,539630.1,166427.1
47491,3,546838.9,164349.1
47456,3,544842.3,165967.1
47254,3,546815.3,164809.6
47247,3,538722.6,165441.8
47213,3,547966.5,166629.6
47173,3,537224.2,168076.0
47136,3,539706.5,165019.5
47135,3,539741.5,165007.0
47038,3,536140.7,167822.1
47003,3,538819.5,167822.4
46999,3,537329.4,168768.5
46951,3,546213.1,165044.8
46730,3,540735.9,166303.1
46683,3,540000.3,167404.1
46573,3,542802.2,170919.3
46529,3,545446.6,164443.6
46444,3,544253.5,172283.7
46389,3,547015.9,166814.6
45901,3,537579.5,168541.9
45701,3,539743.5,166687.0
45674,3,538847.2,165357.9
45636,3,538568.4,170063.3
45281,3,541765.7,168324.5
45246,3,539381.1,165091.2
45076,3,547592.4,168172.6
45037,3,541143.9,171387.8
44971,3,547093.3,169455.9
44779,3,543155.2,170925.0
44734,3,545099.4,164621.0
44682,3,539739.7,167423.5
44644,3,536520.3,167517.4
44593,3,536509.7,169515.2
44165,3,539166.4,165868.9
43748,3,542714.9,170943.5
43662,3,545027.6,164334.2
43397,3,536193.0,168552.1
43393,3,535228.4,169069.2
43345,3,542275.2,170287.9
43259,3,538552.4,166453.7
43252,3,542630.9,171793.8
43248,3,540458.6,171200.7
43211,3,535149.4,168903.0
43189,3,538446.0,166604.3
43138,3,536976.1,168055.8
42798,3,535412.0,170916.7
42788,3,541521.1,159434.9
42745,3,538124.4,165846.4
42670,3,538683.2,166661.0
42669,3,538629.5,166668.5
42409,3,539034.2,166394.7
42307,3,541416.3,164617.7
42150,3,543678.0,164737.0
42066,3,542902.4,167595.7
42032,3,544957.1,164276.8
41920,3,541490.7,158485.5
41876,3,544938.9,164984.6
41820,3,540366.3,165951.9
41745,3,543804.4,171187.3
41680,3,537543.0,170941.9
41549,3,539090.5,168669.3
41440,3,537211.5,167948.3
41343,3,546340.3,164874.0
41034,3,545778.6,166668.5
41022,3,542186.2,168627.2
40903,3,547775.1,165945.0
40759,3,536278.7,167785.4
40757,3,536677.2,167393.4
40501,3,545317.5,168424.9
40488,3,547789.5,165544.3
40448,3,537782.5,164857.0
40365,3,542889.0,168186.9
40190,3,546206.8,165267.6
40186,3,545047.6,165311.7
40128,3,545308.8,167824.2
40015,3,538187.7,166259.9
39967,3,545280.7,167821.3
39930,3,539938.0,166756.1
39853,3,537133.5,169114.5
39611,3,547178.7,166932.9
39357,3,537761.3,169381.4
39253,3,545947.9,168496.7
39225,3,539387.8,168685.3
39151,3,547578.7,165439.2
39084,3,547307.9,164770.2
39042,3,539299.4,167795.0
38995,3,538788.6,166146.8
38959,3,542526.1,172003.0
38884,3,546001.6,169754.7
38873,3,546987.0,169565.5
38590,3,539730.6,164796.6
38547,3,542231.2,167941.8
38517,3,543089.4,171356.1
38448,3,543067.9,171262.4
38280,3,540224.9,168071.7
38152,3,537750.6,169415.5
38149,3,536536.8,168539.0
38022,3,539270.1,170309.3
37996,3,545416.1,166880.9
37969,3,536631.0,169095.7
37734,3,535810.3,170661.6
37567,3,540096.9,166923.7
37416,3,542006.7,172659.3
37399,3,538007.1,165694.5
37369,3,547398.8,168171.7
37317,3,539327.0,164573.1
37147,3,545579.4,166401.0
37104,3,544469.7,167106.5
37019,3,533978.0,170539.1
36995,3,535633.4,169109.4
36651,3,542689.8,170890.0
36569,3,535155.6,169169.1
36496,3,546918.5,169778.4
36419,3,543564.6,167154.7
36219,3,545671.1,166712.8
36040,3,536088.0,169361.3
36002,3,540264.2,166935.2
35804,3,537773.1,165852.3
35799,3,538930.9,167254.1
35790,3,536940.2,168304.3
35525,3,541799.0,159182.8
35494,3,539710.0,164670.8
35443,3,538802.7,166401.6
35126,3,536448.5,169362.4
35117,3,541091.8,171416.9
35109,3,536882.7,168490.9
34845,3,540723.2,169360.9
34799,3,547093.1,169441.5
34760,3,542059.2,172584.2
34543,3,537621.3,166271.5
34440,3,546337.6,164321.8
34381,3,537365.3,168984.4
34334,3,536747.8,168432.7
34235,3,545975.6,167940.3
34156,3,540356.4,167320.8
34149,3,542444.1,165910.6
33791,3,543393.8,167243.5
33671,3,544442.1,166265.7
33565,3,543876.1,167532.4
33220,3,539042.8,167706.5
32979,3,539895.1,166179.5
32939,3,545599.0,166498.5
32713,3,535162.0,169810.3
32617,3,545799.3,166702.7
32554,3,536477.1,168398.4
32428,3,536997.6,168784.7
32383,3,535316.2,170472.7
32338,3,543148.5,170916.7
32221,3,536952.6,167888.1
32097,3,544733.1,166012.8
32083,3,545128.2,166156.0
32075,3,543675.5,170923.4
32069,3,542572.5,170993.9
32056,3,543372.6,171526.7
32040,3,539189.9,170267.4
31967,3,539252.6,166538.5
31822,3,542110.9,167824.7
31543,3,542682.2,167519.7
31408,3,535445.8,171035.9
31374,3,543055.6,171455.6
31361,3,540434.1,171342.1
31259,3,545147.5,165020.4
30856,3,539256.8,168866.7
30840,3,538391.9,168692.6
30833,3,538321.5,168800.4
30784,3,542363.8,168038.2
30718,3,545762.6,163778.6
30710,3,537940.8,165080.8
30679,3,546023.0,165746.5
30486,3,538125.8,168953.4
30041,3,544318.2,167295.9
30034,3,542238.1,165176.8
30022,3,539292.2,166928.4
29731,3,539070.2,166985.4
29703,3,547102.3,167012.2
29694,3,546836.7,166957.5
29330,3,547690.6,165793.6
28801,3,540963.5,170367.9
28725,3,536523.6,167390.3
28666,3,542593.6,167705.0
28664,3,542623.2,167618.6
28585,3,538624.0,167578.1
28515,3,537901.2,165804.8
28237,3,539236.8,167616.6
28202,3,535109.9,169085.5
28180,3,536857.2,168246.7
28145,3,536650.1,167784.2
28101,3,536296.6,168601.4
28098,3,539404.0,166317.3
28036,3,536485.7,169023.5
27961,3,547889.6,165433.1
27768,3,537240.0,169000.3
27706,3,536314.2,167705.6
27704,3,536659.2,167664.2
27689,3,546366.6,169848.3
27649,3,538490.5,165804.9
27648,3,538517.9,165802.6
27582,3,538994.0,167760.3
27510,3,540703.3,169354.6
27491,3,538842.9,166120.0
27452,3,536710.0,168673.6
27335,3,541421.0,169243.3
27261,3,536493.2,168509.2
27129,3,543511.5,167265.5
26927,3,544165.6,165859.8
26841,3,540050.1,167384.3
26586,3,541908.4,168950.7
26581,3,538326.8,167876.4
26554,3,541417.4,164543.5
26449,3,545858.3,166019.9
26353,3,538038.0,166077.8
26274,3,539716.3,164726.7
26207,3,536452.7,167796.9
26196,3,539270.2,167637.0
25820,3,544709.2,165408.7
25620,3,542093.5,165157.7
25224,3,536457.6,169689.1
25177,3,541534.0,158364.0
25032,3,536456.4,168959.8
24986,3,543962.6,166905.5
24909,3,536812.9,168743.6
24817,3,536465.1,169692.7
24802,3,536267.7,169147.3
24665,3,536895.9,168526.0
24370,3,541634.6,168508.2
24329,3,545729.3,165731.9
24228,3,541286.3,168275.5
24094,3,541193.6,169337.8
23752,3,538726.0,166472.0
23424,3,537060.0,168012.0
23240,3,536835.0,168849.9
23224,3,535840.3,168691.9
23148,3,547261.6,167335.2
23060,3,546448.3,165727.5
23044,3,545361.6,165422.1
23014,3,546578.5,169141.7
22963,3,537644.9,165813.7
22902,3,535780.9,168734.3
22889,3,538954.7,167549.4
22746,3,541963.2,167680.5
22599,3,536985.2,168671.6
22504,3,540184.1,167650.9
22177,3,538026.7,165834.8
22117,3,542598.5,167686.5
21844,3,539634.1,168538.1
21716,3,539271.5,168320.5
21475,3,547213.8,165875.9
21318,3,537155.9,169472.9
21284,3,539055.2,168640.7
21186,3,538516.5,168832.6
20965,3,537675.9,165733.9
20879,3,536948.6,168664.0
20839,3,543931.3,167289.3
20803,3,536297.1,167585.8
20452,3,538902.7,168086.7
20419,3,546432.7,163880.1
20417,3,547083.4,164705.2
20314,3,537298.9,167412.1
19851,3,537376.9,171157.8
19657,3,539626.7,168543.7
19626,3,542112.2,168414.3
19488,3,543583.8,167200.8
19474,3,537169.3,168384.0
19455,3,538453.3,168880.8
19398,3,543023.2,168590.7
19290,3,539800.8,168485.1
19162,3,536237.5,169448.7
19065,3,538825.6,166125.4
19022,3,535065.3,169578.4
18995,3,537079.2,167532.6
18977,3,536818.5,168280.2
18869,3,544364.9,166125.4
18841,3,542336.7,165590.6
18794,3,539779.4,168523.4
18790,3,535789.7,169214.1
18638,3,537786.4,165421.7
18554,3,539378.5,168691.1
18538,3,542176.3,167865.7
18530,3,541050.4,168396.9
18510,3,542224.6,165193.5
17831,3,542280.1,167932.1
58876,2,542238.6,166513.9
57757,2,541173.0,164975.8
57618,2,546719.0,166825.6
57313,2,540461.0,169262.7
56032,2,541143.1,164699.6
54629,2,540143.9,169126.6
54549,2,540941.3,164988.9
54545,2,540692.1,165294.0
53977,2,540749.0,165187.6
53727,2,546657.7,166517.6
53330,2,537463.4,169695.7
52618,2,537181.9,168925.1
52553,2,535137.1,169618.9
52273,2,539981.6,168665.1
48995,2,535079.2,170140.0
48416,2,547359.4,169324.7
47899,2,546214.3,165677.3
47111,2,546745.1,165480.2
45878,2,547356.1,164731.7
45414,2,534816.3,169236.8
44166,2,539365.7,168802.8
42873,2,534701.6,169911.2
40870,2,540422.2,166141.3
40712,2,541600.1,169009.8
40331,2,536825.0,168602.2
39214,2,540282.7,168629.6
38781,2,541586.7,159360.0
37963,2,538478.4,169160.1
37023,2,541581.0,159345.3
36800,2,540006.1,167875.9
36312,2,541176.8,171551.6
34722,2,546669.5,168959.7
32934,2,545404.0,166505.4
31559,2,535479.1,169545.1
31245,2,546669.7,168893.8
30727,2,544124.1,164313.6
30009,2,538198.8,165668.4
29298,2,545620.8,166913.7
26264,2,539601.9,164734.4
26053,2,547557.7,166762.1
25501,2,546646.0,166259.6
25500,2,546590.1,166362.7
25107,2,542876.6,168520.0
25016,2,537900.8,166056.0
23884,2,543402.7,167477.9
23642,2,536797.9,168529.2
22648,2,536916.2,168809.9
21276,2,538381.9,168692.3
21203,2,538468.9,169171.6
21106,2,546662.1,168908.6
20025,2,537311.8,169162.0
19507,2,546779.5,166868.3
19027,2,536777.1,168495.6
65344,10,536230.8,170488.2
64291,10,537672.7,168705.6
62366,10,547044.8,167545.3
60553,10,534596.6,169542.6
60226,10,544366.3,166365.1
59043,10,547183.4,168092.5
57044,10,536401.9,170666.2
56921,10,546787.9,167260.2
55240,10,542331.5,165256.3
55226,10,546075.7,169213.5
44104,10,542331.7,172313.4
63940,1,535246.2,169620.6
58167,1,537063.3,169017.1
52423,1,537770.5,166356.5
52350,1,538960.2,167853.3
51388,1,538431.6,168893.3
50753,1,537698.1,166283.1
50728,1,546194.3,163706.8
48939,1,537174.2,167500.7
48662,1,542630.9,170599.4
48334,1,536633.5,169438.8
48153,1,540506.6,166646.7
47746,1,538842.0,168023.4
47415,1,536358.3,168995.5
47092,1,537358.4,168923.8
47017,1,537029.6,168024.6
46827,1,539568.8,165430.2
46377,1,547247.1,167927.7
45788,1,546242.1,164784.4
45747,1,544844.1,169900.3
45657,1,536269.0,169183.4
45278,1,540692.2,166228.0
44693,1,545081.3,170593.9
44536,1,536136.3,168916.0
44310,1,535197.7,170666.2
43142,1,538932.2,168605.9
43140,1,539635.8,168527.8
42292,1,539075.2,168407.3
42241,1,540206.9,165037.7
39845,1,536773.1,167880.4
39802,1,534846.9,168893.4
39107,1,547019.3,165974.1
39095,1,535659.0,169141.9
38045,1,545210.6,167935.1
37852,1,538679.7,168047.1
37418,1,542860.7,171249.1
37392,1,536482.5,169772.7
37153,1,546960.1,169891.6
36484,1,543233.1,164654.2
35699,1,546574.5,166352.3
35486,1,539086.7,165331.7
35204,1,540189.5,165076.5
33867,1,537904.5,166381.5
33384,1,536510.0,168536.2
31858,1,539100.7,168337.4
31355,1,543044.9,170841.1
30908,1,547306.5,165919.1
30845,1,539048.6,168462.5
30709,1,537957.2,165056.0
30568,1,546922.8,169554.3
29754,1,538189.1,166248.9
29676,1,535744.2,169212.9
29063,1,546983.9,166250.7
28687,1,536917.3,168242.5
28406,1,546015.8,167810.1
27602,1,540602.8,171237.8
26508,1,545261.2,167609.1
25463,1,542964.7,171245.4
25052,1,538950.2,167316.7
24966,1,542755.2,170935.1
24962,1,542637.1,170952.1
24924,1,537677.1,165695.5
24419,1,546015.2,168919.8
24133,1,536384.8,169636.4
24015,1,536318.1,169682.1
23311,1,536438.9,169662.8
23297,1,537693.9,165612.2
22652,1,538794.5,166512.4
21742,1,544303.2,171349.0
21004,1,539170.7,166932.9
20816,1,537324.2,167742.3
20165,1,540381.4,165932.8
19822,1,536801.7,168758.5
19631,1,542629.5,167625.0
19268,1,536791.1,168229.8
18746,1,536220.0,167533.4